datetime,actual_temperature,predicted_temperature
2023-06-01 00:00:00,16.90053,16.923479080200195
2023-06-01 01:00:00,15.880529,16.395828247070312
2023-06-01 02:00:00,15.230529,15.992759704589844
2023-06-01 03:00:00,14.450529,15.652612686157227
2023-06-01 04:00:00,13.650529,15.298877716064453
2023-06-01 05:00:00,12.890529,14.93809700012207
2023-06-01 06:00:00,12.420529,14.667186737060547
2023-06-01 07:00:00,13.150529,14.62420654296875
2023-06-01 08:00:00,14.780529,14.967187881469727
2023-06-01 09:00:00,17.000528,15.81483268737793
2023-06-01 10:00:00,19.090528,17.105445861816406
2023-06-01 11:00:00,21.280529,18.552204132080078
2023-06-01 12:00:00,23.020529,19.83336639404297
2023-06-01 13:00:00,23.920528,20.816843032836914
2023-06-01 14:00:00,24.440529,21.544769287109375
2023-06-01 15:00:00,25.260529,22.052072525024414
2023-06-01 16:00:00,25.62053,22.293699264526367
2023-06-01 17:00:00,25.71053,22.22098159790039
2023-06-01 18:00:00,25.580528,21.835594177246094
2023-06-01 19:00:00,25.21053,21.175996780395508
2023-06-01 20:00:00,24.72053,20.32391929626465
2023-06-01 21:00:00,23.920528,19.412954330444336
2023-06-01 22:00:00,23.22053,18.56417465209961
2023-06-01 23:00:00,21.660528,17.818819046020508
2023-06-02 00:00:00,20.65053,17.174562454223633
2023-06-02 01:00:00,19.63053,16.64923667907715
2023-06-02 02:00:00,17.30053,16.24867820739746
2023-06-02 03:00:00,14.620529,15.911075592041016
2023-06-02 04:00:00,14.000529,15.55976676940918
2023-06-02 05:00:00,13.390529,15.201150894165039
2023-06-02 06:00:00,12.790529,14.931997299194336
2023-06-02 07:00:00,13.170529,14.89022445678711
2023-06-02 08:00:00,14.370529,15.233734130859375
2023-06-02 09:00:00,16.170528,16.08110809326172
2023-06-02 10:00:00,18.23053,17.37053680419922
2023-06-02 11:00:00,20.350529,18.815099716186523
2023-06-02 12:00:00,22.190529,20.092979431152344
2023-06-02 13:00:00,23.56053,21.072011947631836
2023-06-02 14:00:00,24.40053,21.79429054260254
2023-06-02 15:00:00,25.12053,22.29471206665039
2023-06-02 16:00:00,25.31053,22.52821159362793
2023-06-02 17:00:00,25.45053,22.446130752563477
2023-06-02 18:00:00,25.46053,22.0501708984375
2023-06-02 19:00:00,25.100529,21.378841400146484
2023-06-02 20:00:00,24.250528,20.513931274414062
2023-06-02 21:00:00,22.260529,19.589130401611328
2023-06-02 22:00:00,19.940529,18.72560691833496
2023-06-02 23:00:00,18.500528,17.964717864990234
2023-06-03 00:00:00,17.360529,17.30427360534668
2023-06-03 01:00:00,16.420528,16.76225471496582
2023-06-03 02:00:00,15.400529,16.34465217590332
2023-06-03 03:00:00,14.580529,15.98982048034668
2023-06-03 04:00:00,13.960529,15.621280670166016
2023-06-03 05:00:00,13.420529,15.245607376098633
2023-06-03 06:00:00,12.900529,14.959753036499023
2023-06-03 07:00:00,13.220529,14.901823043823242
2023-06-03 08:00:00,14.760529,15.229898452758789
2023-06-03 09:00:00,16.660528,16.06273651123047
2023-06-03 10:00:00,18.79053,17.338703155517578
2023-06-03 11:00:00,21.090528,18.77103614807129
2023-06-03 12:00:00,23.20053,20.038070678710938
2023-06-03 13:00:00,24.690529,21.007776260375977
2023-06-03 14:00:00,24.64053,21.722375869750977
2023-06-03 15:00:00,25.29053,22.21686553955078
2023-06-03 16:00:00,25.500528,22.446266174316406
2023-06-03 17:00:00,25.520529,22.361988067626953
2023-06-03 18:00:00,25.180529,21.96578025817871
2023-06-03 19:00:00,24.590528,21.296171188354492
2023-06-03 20:00:00,23.81053,20.434959411621094
2023-06-03 21:00:00,22.940529,19.515804290771484
2023-06-03 22:00:00,22.350529,18.659839630126953
2023-06-03 23:00:00,21.080528,17.908349990844727
2023-06-04 00:00:00,19.40053,17.259061813354492
2023-06-04 01:00:00,18.430529,16.729839324951172
2023-06-04 02:00:00,17.520529,16.326555252075195
2023-06-04 03:00:00,16.95053,15.987409591674805
2023-06-04 04:00:00,16.57053,15.635765075683594
2023-06-04 05:00:00,16.30053,15.278013229370117
2023-06-04 06:00:00,16.010529,15.01091194152832
2023-06-04 07:00:00,16.29053,14.972368240356445
2023-06-04 08:00:00,17.73053,15.320243835449219
2023-06-04 09:00:00,19.240528,16.1730899810791
2023-06-04 10:00:00,20.920528,17.469039916992188
2023-06-04 11:00:00,22.190529,18.92111587524414
2023-06-04 12:00:00,21.72053,20.207429885864258
2023-06-04 13:00:00,21.990528,21.195737838745117
2023-06-04 14:00:00,25.030529,21.928049087524414
2023-06-04 15:00:00,24.95053,22.439165115356445
2023-06-04 16:00:00,25.850529,22.683917999267578
2023-06-04 17:00:00,25.780529,22.613542556762695
2023-06-04 18:00:00,25.430529,22.229629516601562
2023-06-04 19:00:00,24.89053,21.570575714111328
2023-06-04 20:00:00,24.190529,20.718053817749023
2023-06-04 21:00:00,23.280529,19.805631637573242
2023-06-04 22:00:00,21.73053,18.95436668395996
2023-06-04 23:00:00,19.680529,18.205493927001953
2023-06-05 00:00:00,17.73053,17.556713104248047
2023-06-05 01:00:00,17.45053,17.025894165039062
2023-06-05 02:00:00,17.37053,16.618928909301758
2023-06-05 03:00:00,17.07053,16.274070739746094
2023-06-05 04:00:00,16.56053,15.914756774902344
2023-06-05 05:00:00,15.920529,15.547473907470703
2023-06-05 06:00:00,15.400529,15.269105911254883
2023-06-05 07:00:00,15.510529,15.217695236206055
2023-06-05 08:00:00,16.170528,15.551277160644531
2023-06-05 09:00:00,17.13053,16.38857078552246
2023-06-05 10:00:00,18.54053,17.667919158935547
2023-06-05 11:00:00,20.160528,19.102542877197266
2023-06-05 12:00:00,21.600529,20.370777130126953
2023-06-05 13:00:00,22.05053,21.34061050415039
2023-06-05 14:00:00,24.590528,22.054285049438477
2023-06-05 15:00:00,25.020529,22.546844482421875
2023-06-05 16:00:00,25.330528,22.773361206054688
2023-06-05 17:00:00,25.330528,22.685304641723633
2023-06-05 18:00:00,25.15053,22.284500122070312
2023-06-05 19:00:00,24.690529,21.609573364257812
2023-06-05 20:00:00,24.07053,20.742403030395508
2023-06-05 21:00:00,23.05053,19.81675910949707
2023-06-05 22:00:00,21.280529,18.953893661499023
2023-06-05 23:00:00,19.57053,18.195205688476562
2023-06-06 00:00:00,17.98053,17.538545608520508
2023-06-06 01:00:00,16.70053,17.001911163330078
2023-06-06 02:00:00,16.020529,16.59130096435547
2023-06-06 03:00:00,15.5505295,16.24505615234375
2023-06-06 04:00:00,15.120529,15.886655807495117
2023-06-06 05:00:00,14.770529,15.522636413574219
2023-06-06 06:00:00,14.5505295,15.249879837036133
2023-06-06 07:00:00,14.940529,15.206411361694336
2023-06-06 08:00:00,16.780529,15.550220489501953
2023-06-06 09:00:00,19.250528,16.399959564208984
2023-06-06 10:00:00,21.37053,17.693866729736328
2023-06-06 11:00:00,22.520529,19.145055770874023
2023-06-06 12:00:00,23.240528,20.431724548339844
2023-06-06 13:00:00,23.910528,21.421695709228516
2023-06-06 14:00:00,25.64053,22.15703773498535
2023-06-06 15:00:00,26.04053,22.6726016998291
2023-06-06 16:00:00,26.12053,22.923248291015625
2023-06-06 17:00:00,26.080528,22.860231399536133
2023-06-06 18:00:00,25.830528,22.485151290893555
2023-06-06 19:00:00,25.40053,21.836393356323242
2023-06-06 20:00:00,24.690529,20.995603561401367
2023-06-06 21:00:00,23.680529,20.096317291259766
2023-06-06 22:00:00,21.90053,19.25954246520996
2023-06-06 23:00:00,19.770529,18.526447296142578
2023-06-07 00:00:00,18.04053,17.89466667175293
2023-06-07 01:00:00,16.32053,17.38197135925293
2023-06-07 02:00:00,15.120529,16.994159698486328
2023-06-07 03:00:00,14.3005295,16.66938018798828
2023-06-07 04:00:00,13.520529,16.330949783325195
2023-06-07 05:00:00,12.760529,15.985237121582031
2023-06-07 06:00:00,12.310529,15.728996276855469
2023-06-07 07:00:00,13.470529,15.700139999389648
2023-06-07 08:00:00,15.780529,16.056556701660156
2023-06-07 09:00:00,18.490528,16.916831970214844
2023-06-07 10:00:00,21.020529,18.21915626525879
2023-06-07 11:00:00,22.73053,19.67662811279297
2023-06-07 12:00:00,23.73053,20.96743392944336
2023-06-07 13:00:00,24.590528,21.959430694580078
2023-06-07 14:00:00,25.600529,22.69472312927246
2023-06-07 15:00:00,26.090528,23.208234786987305
2023-06-07 16:00:00,26.430529,23.454917907714844
2023-06-07 17:00:00,26.40053,23.386127471923828
2023-06-07 18:00:00,26.330528,23.003589630126953
2023-06-07 19:00:00,25.930529,22.345829010009766
2023-06-07 20:00:00,25.280529,21.494651794433594
2023-06-07 21:00:00,24.260529,20.58375358581543
2023-06-07 22:00:00,22.090528,19.734312057495117
2023-06-07 23:00:00,19.600529,18.987688064575195
2023-06-08 00:00:00,18.110529,18.341686248779297
2023-06-08 01:00:00,17.990528,17.814281463623047
2023-06-08 02:00:00,17.990528,17.411453247070312
2023-06-08 03:00:00,17.510529,17.071537017822266
2023-06-08 04:00:00,16.240528,16.718021392822266
2023-06-08 05:00:00,16.020529,16.357458114624023
2023-06-08 06:00:00,15.990529,16.08675193786621
2023-06-08 07:00:00,16.690529,16.043968200683594
2023-06-08 08:00:00,17.910528,16.38713836669922
2023-06-08 09:00:00,20.340528,17.234966278076172
2023-06-08 10:00:00,22.780529,18.525754928588867
2023-06-08 11:00:00,24.420528,19.97267723083496
2023-06-08 12:00:00,24.170528,21.25400161743164
2023-06-08 13:00:00,25.190529,22.237625122070312
2023-06-08 14:00:00,27.15053,22.96569061279297
2023-06-08 15:00:00,27.740528,23.473127365112305
2023-06-08 16:00:00,27.72053,23.714879989624023
2023-06-08 17:00:00,26.40053,23.64227867126465
2023-06-08 18:00:00,25.82053,23.256999969482422
2023-06-08 19:00:00,25.71053,22.597503662109375
2023-06-08 20:00:00,25.15053,21.74551773071289
2023-06-08 21:00:00,24.29053,20.83463478088379
2023-06-08 22:00:00,23.31053,19.98593521118164
2023-06-08 23:00:00,21.31053,19.240642547607422
2023-06-09 00:00:00,19.670528,18.596445083618164
2023-06-09 01:00:00,18.830528,18.0711727142334
2023-06-09 02:00:00,18.330528,17.670656204223633
2023-06-09 03:00:00,17.63053,17.333086013793945
2023-06-09 04:00:00,17.100529,16.98180389404297
2023-06-09 05:00:00,15.920529,16.62320327758789
2023-06-09 06:00:00,15.660529,16.35405731201172
2023-06-09 07:00:00,17.06053,16.312288284301758
2023-06-09 08:00:00,18.73053,16.65578842163086
2023-06-09 09:00:00,20.62053,17.503145217895508
2023-06-09 10:00:00,22.910528,18.792551040649414
2023-06-09 11:00:00,24.96053,20.23708152770996
2023-06-09 12:00:00,26.07053,21.514921188354492
2023-06-09 13:00:00,26.79053,22.4939022064209
2023-06-09 14:00:00,27.360529,23.21611976623535
2023-06-09 15:00:00,27.860529,23.716476440429688
2023-06-09 16:00:00,28.13053,23.949901580810547
2023-06-09 17:00:00,28.170528,23.86773681640625
2023-06-09 18:00:00,28.020529,23.471683502197266
2023-06-09 19:00:00,27.62053,22.80025291442871
2023-06-09 20:00:00,26.95053,21.935232162475586
2023-06-09 21:00:00,25.97053,21.010313034057617
2023-06-09 22:00:00,24.71053,20.14665985107422
2023-06-09 23:00:00,23.020529,19.385635375976562
2023-06-10 00:00:00,21.660528,18.725046157836914
2023-06-10 01:00:00,20.250528,18.182872772216797
2023-06-10 02:00:00,19.100529,17.765111923217773
2023-06-10 03:00:00,18.990528,17.410110473632812
2023-06-10 04:00:00,17.840528,17.041391372680664
2023-06-10 05:00:00,17.270529,16.665529251098633
2023-06-10 06:00:00,16.90053,16.379478454589844
2023-06-10 07:00:00,17.63053,16.32134437561035
2023-06-10 08:00:00,19.330528,16.649206161499023
2023-06-10 09:00:00,21.020529,17.48182487487793
2023-06-10 10:00:00,22.410528,18.757556915283203
2023-06-10 11:00:00,23.840528,20.18964958190918
2023-06-10 12:00:00,24.860529,21.45643424987793
2023-06-10 13:00:00,25.56053,22.425886154174805
2023-06-10 14:00:00,25.990528,23.140216827392578
2023-06-10 15:00:00,26.500528,23.634431838989258
2023-06-10 16:00:00,26.680529,23.86355209350586
2023-06-10 17:00:00,26.660528,23.778980255126953
2023-06-10 18:00:00,26.39053,23.38246726989746
2023-06-10 19:00:00,25.89053,22.712554931640625
2023-06-10 20:00:00,25.250528,21.85101890563965
2023-06-10 21:00:00,24.440529,20.93153953552246
2023-06-10 22:00:00,23.530529,20.075239181518555
2023-06-10 23:00:00,22.30053,19.323402404785156
2023-06-11 00:00:00,20.940529,18.67375946044922
2023-06-11 01:00:00,20.29053,18.144174575805664
2023-06-11 02:00:00,19.510529,17.740514755249023
2023-06-11 03:00:00,19.000528,17.400991439819336
2023-06-11 04:00:00,18.590528,17.04895782470703
2023-06-11 05:00:00,18.31053,16.69080352783203
2023-06-11 06:00:00,18.20053,16.423295974731445
2023-06-11 07:00:00,18.73053,16.384334564208984
2023-06-11 08:00:00,19.15053,16.731786727905273
2023-06-11 09:00:00,19.48053,17.584197998046875
2023-06-11 10:00:00,20.12053,18.879703521728516
2023-06-11 11:00:00,21.270529,20.331327438354492
2023-06-11 12:00:00,22.46053,21.6171817779541
2023-06-11 13:00:00,22.89053,22.605022430419922
2023-06-11 14:00:00,26.830528,23.33685302734375
2023-06-11 15:00:00,27.40053,23.84748077392578
2023-06-11 16:00:00,27.760529,24.09173583984375
2023-06-11 17:00:00,27.80053,24.020851135253906
2023-06-11 18:00:00,27.500528,23.636425018310547
2023-06-11 19:00:00,27.010529,22.97684669494629
2023-06-11 20:00:00,26.280529,22.123794555664062
2023-06-11 21:00:00,25.45053,21.21082878112793
2023-06-11 22:00:00,24.45053,20.359012603759766
2023-06-11 23:00:00,22.90053,19.60957908630371
2023-06-12 00:00:00,21.160528,18.960227966308594
2023-06-12 01:00:00,19.690529,18.4288330078125
2023-06-12 02:00:00,19.100529,18.021282196044922
2023-06-12 03:00:00,17.490528,17.67582893371582
2023-06-12 04:00:00,16.100529,17.315906524658203
2023-06-12 05:00:00,15.410529,16.948009490966797
2023-06-12 06:00:00,15.080529,16.66901969909668
2023-06-12 07:00:00,16.190529,16.616979598999023
2023-06-12 08:00:00,18.15053,16.949918746948242
2023-06-12 09:00:00,20.250528,17.78656578063965
2023-06-12 10:00:00,22.170528,19.06524658203125
2023-06-12 11:00:00,23.680529,20.499204635620117
2023-06-12 12:00:00,25.000528,21.76676368713379
2023-06-12 13:00:00,26.190529,22.735912322998047
2023-06-12 14:00:00,27.660528,23.44889259338379
2023-06-12 15:00:00,28.07053,23.940746307373047
2023-06-12 16:00:00,28.32053,24.166549682617188
2023-06-12 17:00:00,28.110529,24.077770233154297
2023-06-12 18:00:00,27.840528,23.67623519897461
2023-06-12 19:00:00,27.39053,23.000564575195312
2023-06-12 20:00:00,26.490528,22.13264274597168
2023-06-12 21:00:00,25.31053,21.20624542236328
2023-06-12 22:00:00,23.330528,20.342609405517578
2023-06-12 23:00:00,20.82053,19.58314323425293
2023-06-13 00:00:00,18.330528,18.925697326660156
2023-06-13 01:00:00,16.98053,18.38827133178711
2023-06-13 02:00:00,15.720529,17.97685432434082
2023-06-13 03:00:00,14.790529,17.629796981811523
2023-06-13 04:00:00,14.150529,17.27057647705078
2023-06-13 05:00:00,13.630529,16.905723571777344
2023-06-13 06:00:00,13.130529,16.632125854492188
2023-06-13 07:00:00,14.220529,16.587814331054688
2023-06-13 08:00:00,16.670528,16.930761337280273
2023-06-13 09:00:00,19.010529,17.779630661010742
2023-06-13 10:00:00,21.63053,19.072664260864258
2023-06-13 11:00:00,23.030529,20.522968292236328
2023-06-13 12:00:00,24.030529,21.808738708496094
2023-06-13 13:00:00,24.910528,22.797807693481445
2023-06-13 14:00:00,24.71053,23.532236099243164
2023-06-13 15:00:00,25.72053,24.046875
2023-06-13 16:00:00,26.57053,24.296592712402344
2023-06-13 17:00:00,26.770529,24.23263931274414
2023-06-13 18:00:00,26.490528,23.856609344482422
2023-06-13 19:00:00,25.97053,23.206890106201172
2023-06-13 20:00:00,25.20053,22.365137100219727
2023-06-13 21:00:00,23.690529,21.464876174926758
2023-06-13 22:00:00,21.170528,20.627113342285156
2023-06-13 23:00:00,18.350529,19.893030166625977
2023-06-14 00:00:00,16.15053,19.26024055480957
2023-06-14 01:00:00,14.650529,18.746532440185547
2023-06-14 02:00:00,13.710529,18.357698440551758
2023-06-14 03:00:00,12.950529,18.031890869140625
2023-06-14 04:00:00,12.020529,17.692420959472656
2023-06-14 05:00:00,11.150529,17.345661163330078
2023-06-14 06:00:00,10.810529,17.088363647460938
2023-06-14 07:00:00,12.000529,17.058441162109375
2023-06-14 08:00:00,14.140529,17.413782119750977
2023-06-14 09:00:00,16.280529,18.272972106933594
2023-06-14 10:00:00,18.72053,19.57420539855957
2023-06-14 11:00:00,21.430529,21.030574798583984
2023-06-14 12:00:00,24.15053,22.320268630981445
2023-06-14 13:00:00,25.13053,23.311145782470703
2023-06-14 14:00:00,26.010529,24.045310974121094
2023-06-14 15:00:00,26.170528,24.557682037353516
2023-06-14 16:00:00,26.45053,24.803218841552734
2023-06-14 17:00:00,26.530529,24.733272552490234
2023-06-14 18:00:00,26.180529,24.349571228027344
2023-06-14 19:00:00,25.680529,23.690637588500977
2023-06-14 20:00:00,24.940529,22.838275909423828
2023-06-14 21:00:00,23.21053,21.92618751525879
2023-06-14 22:00:00,20.660528,21.075544357299805
2023-06-14 23:00:00,19.39053,20.327709197998047
2023-06-15 00:00:00,17.90053,19.68049430847168
2023-06-15 01:00:00,16.80053,19.1518611907959
2023-06-15 02:00:00,16.260529,18.7477970123291
2023-06-15 03:00:00,15.640529,18.406633377075195
2023-06-15 04:00:00,15.030529,18.051868438720703
2023-06-15 05:00:00,14.450529,17.690040588378906
2023-06-15 06:00:00,13.940529,17.41806411743164
2023-06-15 07:00:00,14.400529,17.374000549316406
2023-06-15 08:00:00,15.850529,17.715883255004883
2023-06-15 09:00:00,17.98053,18.562414169311523
2023-06-15 10:00:00,20.39053,19.851890563964844
2023-06-15 11:00:00,22.080528,21.297500610351562
2023-06-15 12:00:00,23.360529,22.577499389648438
2023-06-15 13:00:00,24.180529,23.559791564941406
2023-06-15 14:00:00,24.830528,24.286514282226562
2023-06-15 15:00:00,25.420528,24.7926025390625
2023-06-15 16:00:00,25.72053,25.03299331665039
2023-06-15 17:00:00,25.79053,24.959026336669922
2023-06-15 18:00:00,25.55053,24.572368621826172
2023-06-15 19:00:00,25.13053,23.91149139404297
2023-06-15 20:00:00,24.520529,23.058107376098633
2023-06-15 21:00:00,23.65053,22.145824432373047
2023-06-15 22:00:00,22.82053,21.295711517333984
2023-06-15 23:00:00,21.760529,20.548999786376953
2023-06-16 00:00:00,19.930529,19.90337371826172
2023-06-16 01:00:00,18.22053,19.37666130065918
2023-06-16 02:00:00,17.87053,18.974702835083008
2023-06-16 03:00:00,17.65053,18.63567543029785
2023-06-16 04:00:00,17.160528,18.28293228149414
2023-06-16 05:00:00,16.62053,17.92285919189453
2023-06-16 06:00:00,15.920529,17.652233123779297
2023-06-16 07:00:00,16.15053,17.60897445678711
2023-06-16 08:00:00,17.680529,17.950977325439453
2023-06-16 09:00:00,19.670528,18.796831130981445
2023-06-16 10:00:00,21.990528,20.084716796875
2023-06-16 11:00:00,23.680529,21.527725219726562
2023-06-16 12:00:00,24.360529,22.804033279418945
2023-06-16 13:00:00,24.97053,23.781475067138672
2023-06-16 14:00:00,26.23053,24.50214385986328
2023-06-16 15:00:00,26.600529,25.00094223022461
2023-06-16 16:00:00,26.70053,25.232799530029297
2023-06-16 17:00:00,26.73053,25.149059295654297
2023-06-16 18:00:00,26.600529,24.751426696777344
2023-06-16 19:00:00,26.240528,24.07840347290039
2023-06-16 20:00:00,25.690529,23.211788177490234
2023-06-16 21:00:00,24.860529,22.285259246826172
2023-06-16 22:00:00,23.29053,21.419992446899414
2023-06-16 23:00:00,20.65053,20.6573429107666
2023-06-17 00:00:00,19.020529,19.99512481689453
2023-06-17 01:00:00,18.170528,19.451309204101562
2023-06-17 02:00:00,17.80053,19.03189468383789
2023-06-17 03:00:00,16.580528,18.67523765563965
2023-06-17 04:00:00,15.290529,18.304851531982422
2023-06-17 05:00:00,14.630529,17.927316665649414
2023-06-17 06:00:00,14.310529,17.639583587646484
2023-06-17 07:00:00,15.150529,17.579761505126953
2023-06-17 08:00:00,17.79053,17.905921936035156
2023-06-17 09:00:00,20.680529,18.736831665039062
2023-06-17 10:00:00,23.64053,20.01085090637207
2023-06-17 11:00:00,25.63053,21.441219329833984
2023-06-17 12:00:00,26.530529,22.706274032592773
2023-06-17 13:00:00,27.270529,23.673986434936523
2023-06-17 14:00:00,27.910528,24.38656997680664
2023-06-17 15:00:00,28.40053,24.8790283203125
2023-06-17 16:00:00,28.71053,25.106380462646484
2023-06-17 17:00:00,28.88053,25.020038604736328
2023-06-17 18:00:00,28.81053,24.621746063232422
2023-06-17 19:00:00,28.510529,23.95004653930664
2023-06-17 20:00:00,27.95053,23.08671760559082
2023-06-17 21:00:00,26.830528,22.165428161621094
2023-06-17 22:00:00,24.990528,21.30731964111328
2023-06-17 23:00:00,22.360529,20.55366325378418
2023-06-18 00:00:00,20.780529,19.902191162109375
2023-06-18 01:00:00,20.12053,19.370771408081055
2023-06-18 02:00:00,19.70053,18.96527099609375
2023-06-18 03:00:00,19.490528,18.6238956451416
2023-06-18 04:00:00,18.95053,18.270000457763672
2023-06-18 05:00:00,17.90053,17.90998077392578
2023-06-18 06:00:00,16.920528,17.640596389770508
2023-06-18 07:00:00,17.180529,17.59975242614746
2023-06-18 08:00:00,19.89053,17.9453125
2023-06-18 09:00:00,22.89053,18.795827865600586
2023-06-18 10:00:00,25.830528,20.089427947998047
2023-06-18 11:00:00,28.06053,21.53913688659668
2023-06-18 12:00:00,29.360529,22.82307243347168
2023-06-18 13:00:00,30.360529,23.80898094177246
2023-06-18 14:00:00,30.46053,24.538875579833984
2023-06-18 15:00:00,29.81053,25.047557830810547
2023-06-18 16:00:00,29.160528,25.28986358642578
2023-06-18 17:00:00,26.96053,25.217021942138672
2023-06-18 18:00:00,27.07053,24.83062744140625
2023-06-18 19:00:00,27.610529,24.16907501220703
2023-06-18 20:00:00,27.64053,23.314037322998047
2023-06-18 21:00:00,26.770529,22.399085998535156
2023-06-18 22:00:00,25.95053,21.545270919799805
2023-06-18 23:00:00,24.840528,20.79383087158203
2023-06-19 00:00:00,24.62053,20.142471313476562
2023-06-19 01:00:00,22.860529,19.60905647277832
2023-06-19 02:00:00,22.45053,19.19947624206543
2023-06-19 03:00:00,22.70053,18.851991653442383
2023-06-19 04:00:00,22.22053,18.49003028869629
2023-06-19 05:00:00,21.22053,18.120084762573242
2023-06-19 06:00:00,20.610529,17.839033126831055
2023-06-19 07:00:00,20.56053,17.78493309020996
2023-06-19 08:00:00,20.940529,18.115802764892578
2023-06-19 09:00:00,22.12053,18.950368881225586
2023-06-19 10:00:00,23.770529,20.226970672607422
2023-06-19 11:00:00,25.430529,21.65883445739746
2023-06-19 12:00:00,26.910528,22.924291610717773
2023-06-19 13:00:00,28.360529,23.891334533691406
2023-06-19 14:00:00,29.110529,24.60219955444336
2023-06-19 15:00:00,30.13053,25.091938018798828
2023-06-19 16:00:00,30.670528,25.31561279296875
2023-06-19 17:00:00,30.930529,25.22469711303711
2023-06-19 18:00:00,30.96053,24.82101821899414
2023-06-19 19:00:00,30.850529,24.143203735351562
2023-06-19 20:00:00,30.55053,23.27312469482422
2023-06-19 21:00:00,29.30053,22.34456443786621
2023-06-19 22:00:00,27.750528,21.478761672973633
2023-06-19 23:00:00,26.100529,20.717119216918945
2023-06-20 00:00:00,25.05053,20.0574893951416
2023-06-20 01:00:00,24.80053,19.517873764038086
2023-06-20 02:00:00,23.47053,19.10426139831543
2023-06-20 03:00:00,21.840528,18.7549991607666
2023-06-20 04:00:00,20.680529,18.393569946289062
2023-06-20 05:00:00,20.63053,18.026500701904297
2023-06-20 06:00:00,20.770529,17.75067901611328
2023-06-20 07:00:00,21.38053,17.704133987426758
2023-06-20 08:00:00,23.350529,18.044849395751953
2023-06-20 09:00:00,25.31053,18.891475677490234
2023-06-20 10:00:00,27.46053,20.1822566986084
2023-06-20 11:00:00,29.30053,21.63030433654785
2023-06-20 12:00:00,30.63053,22.9138126373291
2023-06-20 13:00:00,31.600529,23.900611877441406
2023-06-20 14:00:00,32.03053,24.632766723632812
2023-06-20 15:00:00,32.84053,25.145126342773438
2023-06-20 16:00:00,32.35053,25.39255142211914
2023-06-20 17:00:00,32.07053,25.32630157470703
2023-06-20 18:00:00,30.48053,24.94797134399414
2023-06-20 19:00:00,30.860529,24.295948028564453
2023-06-20 20:00:00,29.740528,23.451875686645508
2023-06-20 21:00:00,28.010529,22.54929542541504
2023-06-20 22:00:00,26.030529,21.70920753479004
2023-06-20 23:00:00,24.260529,20.97278594970703
2023-06-21 00:00:00,23.190529,20.337661743164062
2023-06-21 01:00:00,22.21053,19.821609497070312
2023-06-21 02:00:00,21.48053,19.430421829223633
2023-06-21 03:00:00,21.15053,19.102258682250977
2023-06-21 04:00:00,20.770529,18.760425567626953
2023-06-21 05:00:00,20.410528,18.411296844482422
2023-06-21 06:00:00,20.240528,18.15162467956543
2023-06-21 07:00:00,20.930529,18.119319915771484
2023-06-21 08:00:00,22.090528,18.472274780273438
2023-06-21 09:00:00,22.610529,19.329071044921875
2023-06-21 10:00:00,23.260529,20.627904891967773
2023-06-21 11:00:00,24.31053,22.081867218017578
2023-06-21 12:00:00,25.660528,23.369152069091797
2023-06-21 13:00:00,25.670528,24.35761260986328
2023-06-21 14:00:00,29.89053,25.08935546875
2023-06-21 15:00:00,28.780529,25.599300384521484
2023-06-21 16:00:00,30.07053,25.84239959716797
2023-06-21 17:00:00,30.54053,25.770015716552734
2023-06-21 18:00:00,30.510529,25.383865356445312
2023-06-21 19:00:00,30.23053,24.722484588623047
2023-06-21 20:00:00,29.62053,23.86766815185547
2023-06-21 21:00:00,28.990528,22.953113555908203
2023-06-21 22:00:00,27.340528,22.100008010864258
2023-06-21 23:00:00,25.14053,21.349699020385742
2023-06-22 00:00:00,23.490528,20.700002670288086
2023-06-22 01:00:00,22.240528,20.168888092041016
2023-06-22 02:00:00,21.81053,19.762332916259766
2023-06-22 03:00:00,21.440529,19.418676376342773
2023-06-22 04:00:00,21.160528,19.061410903930664
2023-06-22 05:00:00,20.830528,18.69707679748535
2023-06-22 06:00:00,20.54053,18.422590255737305
2023-06-22 07:00:00,20.98053,18.376014709472656
2023-06-22 08:00:00,22.65053,18.71537208557129
2023-06-22 09:00:00,25.13053,19.559377670288086
2023-06-22 10:00:00,27.910528,20.846324920654297
2023-06-22 11:00:00,30.360529,22.289400100708008
2023-06-22 12:00:00,32.23053,23.566858291625977
2023-06-22 13:00:00,32.74053,24.546600341796875
2023-06-22 14:00:00,31.520529,25.270771026611328
2023-06-22 15:00:00,30.590528,25.774303436279297
2023-06-22 16:00:00,27.860529,26.012134552001953
2023-06-22 17:00:00,26.410528,25.93560028076172
2023-06-22 18:00:00,26.81053,25.546371459960938
2023-06-22 19:00:00,26.010529,24.882919311523438
2023-06-22 20:00:00,24.500528,24.026954650878906
2023-06-22 21:00:00,23.190529,23.11208724975586
2023-06-22 22:00:00,22.46053,22.259384155273438
2023-06-22 23:00:00,20.490528,21.51007843017578
2023-06-23 00:00:00,19.71053,20.861852645874023
2023-06-23 01:00:00,18.07053,20.33254051208496
2023-06-23 02:00:00,17.29053,19.927967071533203
2023-06-23 03:00:00,17.350529,19.58633041381836
2023-06-23 04:00:00,17.160528,19.230966567993164
2023-06-23 05:00:00,16.610529,18.86827278137207
2023-06-23 06:00:00,16.520529,18.595022201538086
2023-06-23 07:00:00,16.990528,18.549129486083984
2023-06-23 08:00:00,18.31053,18.888498306274414
2023-06-23 09:00:00,19.45053,19.73171043395996
2023-06-23 10:00:00,20.57053,21.01695442199707
2023-06-23 11:00:00,21.70053,22.457313537597656
2023-06-23 12:00:00,22.97053,23.730968475341797
2023-06-23 13:00:00,24.15053,24.705753326416016
2023-06-23 14:00:00,25.190529,25.423763275146484
2023-06-23 15:00:00,26.000528,25.91989517211914
2023-06-23 16:00:00,26.70053,26.149085998535156
2023-06-23 17:00:00,27.000528,26.062671661376953
2023-06-23 18:00:00,26.920528,25.662357330322266
2023-06-23 19:00:00,26.63053,24.986656188964844
2023-06-23 20:00:00,26.14053,24.117351531982422
2023-06-23 21:00:00,25.190529,23.18813705444336
2023-06-23 22:00:00,23.780529,22.32017707824707
2023-06-23 23:00:00,22.420528,21.55483055114746
2023-06-24 00:00:00,20.510529,20.889907836914062
2023-06-24 01:00:00,19.170528,20.34339141845703
2023-06-24 02:00:00,17.39053,19.921268463134766
2023-06-24 03:00:00,15.560529,19.561899185180664
2023-06-24 04:00:00,14.790529,19.188800811767578
2023-06-24 05:00:00,14.820529,18.808542251586914
2023-06-24 06:00:00,15.270529,18.51808738708496
2023-06-24 07:00:00,16.71053,18.455537796020508
2023-06-24 08:00:00,18.840528,18.778968811035156
2023-06-24 09:00:00,20.56053,19.607145309448242
2023-06-24 10:00:00,22.680529,20.878427505493164
2023-06-24 11:00:00,24.410528,22.306055068969727
2023-06-24 12:00:00,25.46053,23.568368911743164
2023-06-24 13:00:00,26.500528,24.53333282470703
2023-06-24 14:00:00,27.490528,25.2431640625
2023-06-24 15:00:00,28.21053,25.732872009277344
2023-06-24 16:00:00,28.590528,25.95746612548828
2023-06-24 17:00:00,28.530529,25.868366241455078
2023-06-24 18:00:00,28.260529,25.46731185913086
2023-06-24 19:00:00,27.830528,24.79283905029297
2023-06-24 20:00:00,26.97053,23.926742553710938
2023-06-24 21:00:00,25.780529,23.002689361572266
2023-06-24 22:00:00,23.780529,22.14179801940918
2023-06-24 23:00:00,21.610529,21.385364532470703
2023-06-25 00:00:00,19.63053,20.731111526489258
2023-06-25 01:00:00,18.31053,20.196908950805664
2023-06-25 02:00:00,17.510529,19.788619995117188
2023-06-25 03:00:00,16.580528,19.444454193115234
2023-06-25 04:00:00,15.480529,19.087766647338867
2023-06-25 05:00:00,14.700529,18.724950790405273
2023-06-25 06:00:00,14.490529,18.452770233154297
2023-06-25 07:00:00,15.740529,18.409128189086914
2023-06-25 08:00:00,17.600529,18.751888275146484
2023-06-25 09:00:00,20.160528,19.599592208862305
2023-06-25 10:00:00,23.07053,20.890384674072266
2023-06-25 11:00:00,25.910528,22.337284088134766
2023-06-25 12:00:00,27.270529,23.618408203125
2023-06-25 13:00:00,28.40053,24.60150146484375
2023-06-25 14:00:00,28.62053,25.328575134277344
2023-06-25 15:00:00,29.510529,25.83443832397461
2023-06-25 16:00:00,30.010529,26.07392120361328
2023-06-25 17:00:00,30.330528,25.998252868652344
2023-06-25 18:00:00,30.350529,25.60903549194336
2023-06-25 19:00:00,30.190529,24.944652557373047
2023-06-25 20:00:00,29.610529,24.08678436279297
2023-06-25 21:00:00,28.340528,23.168996810913086
2023-06-25 22:00:00,26.39053,22.312345504760742
2023-06-25 23:00:00,24.20053,21.558069229125977
2023-06-26 00:00:00,23.30053,20.903871536254883
2023-06-26 01:00:00,21.72053,20.36761474609375
2023-06-26 02:00:00,20.47053,19.95519256591797
2023-06-26 03:00:00,20.87053,19.604862213134766
2023-06-26 04:00:00,20.990528,19.24005126953125
2023-06-26 05:00:00,20.62053,18.86725616455078
2023-06-26 06:00:00,20.12053,18.583356857299805
2023-06-26 07:00:00,20.180529,18.526403427124023
2023-06-26 08:00:00,21.920528,18.854415893554688
2023-06-26 09:00:00,24.55053,19.68613052368164
2023-06-26 10:00:00,27.010529,20.95987319946289
2023-06-26 11:00:00,29.160528,22.388879776000977
2023-06-26 12:00:00,29.850529,23.651477813720703
2023-06-26 13:00:00,29.920528,24.615657806396484
2023-06-26 14:00:00,28.96053,25.323657989501953
2023-06-26 15:00:00,29.29053,25.810527801513672
2023-06-26 16:00:00,29.160528,26.031341552734375
2023-06-26 17:00:00,29.04053,25.93756103515625
2023-06-26 18:00:00,28.940529,25.53101348876953
2023-06-26 19:00:00,28.360529,24.850326538085938
2023-06-26 20:00:00,27.270529,23.977378845214844
2023-06-26 21:00:00,25.860529,23.045944213867188
2023-06-26 22:00:00,23.82053,22.177268981933594
2023-06-26 23:00:00,22.270529,21.412752151489258
2023-06-27 00:00:00,20.610529,20.750247955322266
2023-06-27 01:00:00,19.330528,20.20775604248047
2023-06-27 02:00:00,18.37053,19.791263580322266
2023-06-27 03:00:00,17.40053,19.439123153686523
2023-06-27 04:00:00,16.64053,19.07481575012207
2023-06-27 05:00:00,16.690529,18.704866409301758
2023-06-27 06:00:00,17.010529,18.426164627075195
2023-06-27 07:00:00,17.420528,18.376739501953125
2023-06-27 08:00:00,18.79053,18.714570999145508
2023-06-27 09:00:00,20.160528,19.55831527709961
2023-06-27 10:00:00,21.770529,20.846214294433594
2023-06-27 11:00:00,22.860529,22.291378021240234
2023-06-27 12:00:00,23.860529,23.572002410888672
2023-06-27 13:00:00,25.05053,24.55591583251953
2023-06-27 14:00:00,24.590528,25.28518295288086
2023-06-27 15:00:00,25.240528,25.794654846191406
2023-06-27 16:00:00,25.72053,26.039196014404297
2023-06-27 17:00:00,25.96053,25.97005844116211
2023-06-27 18:00:00,25.97053,25.58884048461914
2023-06-27 19:00:00,25.64053,24.93392562866211
2023-06-27 20:00:00,24.990528,24.08697509765625
2023-06-27 21:00:00,24.13053,23.181503295898438
2023-06-27 22:00:00,22.440529,22.338531494140625
2023-06-27 23:00:00,20.850529,21.599224090576172
2023-06-28 00:00:00,19.32053,20.961206436157227
2023-06-28 01:00:00,17.740528,20.442270278930664
2023-06-28 02:00:00,16.580528,20.048192977905273
2023-06-28 03:00:00,16.54053,19.71714210510254
2023-06-28 04:00:00,16.330528,19.37242317199707
2023-06-28 05:00:00,15.920529,19.020402908325195
2023-06-28 06:00:00,15.780529,18.757844924926758
2023-06-28 07:00:00,16.63053,18.722654342651367
2023-06-28 08:00:00,17.940529,19.072721481323242
2023-06-28 09:00:00,19.750528,19.92662811279297
2023-06-28 10:00:00,21.990528,21.222578048706055
2023-06-28 11:00:00,24.030529,22.673656463623047
2023-06-28 12:00:00,25.250528,23.958057403564453
2023-06-28 13:00:00,26.280529,24.94363021850586
2023-06-28 14:00:00,25.63053,25.672489166259766
2023-06-28 15:00:00,26.510529,26.179550170898438
2023-06-28 16:00:00,27.170528,26.41976547241211
2023-06-28 17:00:00,27.57053,26.344497680664062
2023-06-28 18:00:00,27.600529,25.95547103881836
2023-06-28 19:00:00,27.280529,25.291202545166016
2023-06-28 20:00:00,26.64053,24.43350601196289
2023-06-28 21:00:00,25.740528,23.516075134277344
2023-06-28 22:00:00,24.23053,22.66008949279785
2023-06-28 23:00:00,22.06053,21.906904220581055
2023-06-29 00:00:00,20.680529,21.254331588745117
2023-06-29 01:00:00,19.330528,20.720338821411133
2023-06-29 02:00:00,18.32053,20.310909271240234
2023-06-29 03:00:00,17.15053,19.964380264282227
2023-06-29 04:00:00,16.54053,19.6042423248291
2023-06-29 05:00:00,16.270529,19.237035751342773
2023-06-29 06:00:00,16.32053,18.959678649902344
2023-06-29 07:00:00,17.80053,18.910232543945312
2023-06-29 08:00:00,20.31053,19.24672508239746
2023-06-29 09:00:00,22.47053,20.087862014770508
2023-06-29 10:00:00,24.600529,21.371944427490234
2023-06-29 11:00:00,26.360529,22.812152862548828
2023-06-29 12:00:00,27.600529,24.086750030517578
2023-06-29 13:00:00,28.73053,25.06363296508789
2023-06-29 14:00:00,28.600529,25.784942626953125
2023-06-29 15:00:00,28.63053,26.28561782836914
2023-06-29 16:00:00,28.250528,26.520591735839844
2023-06-29 17:00:00,28.180529,26.441204071044922
2023-06-29 18:00:00,27.160528,26.04912567138672
2023-06-29 19:00:00,26.780529,25.382816314697266
2023-06-29 20:00:00,26.04053,24.524002075195312
2023-06-29 21:00:00,24.850529,23.606287002563477
2023-06-29 22:00:00,23.190529,22.7507381439209
2023-06-29 23:00:00,22.510529,21.99858856201172
2023-06-30 00:00:00,21.89053,21.34752082824707
2023-06-30 01:00:00,19.73053,20.81536293029785
2023-06-30 02:00:00,18.88053,20.407957077026367
2023-06-30 03:00:00,18.180529,20.063480377197266
2023-06-30 04:00:00,17.660528,19.705286026000977
2023-06-30 05:00:00,17.500528,19.339757919311523
2023-06-30 06:00:00,17.62053,19.063674926757812
2023-06-30 07:00:00,18.240528,19.014957427978516
2023-06-30 08:00:00,17.940529,19.35150146484375
2023-06-30 09:00:00,18.580528,20.1918888092041
2023-06-30 10:00:00,18.580528,21.47430992126465
2023-06-30 11:00:00,18.740528,22.911849975585938
2023-06-30 12:00:00,19.71053,24.182689666748047
2023-06-30 13:00:00,20.360529,25.154659271240234
2023-06-30 14:00:00,21.65053,25.869853973388672
2023-06-30 15:00:00,21.500528,26.363182067871094
2023-06-30 16:00:00,20.750528,26.58956527709961
2023-06-30 17:00:00,21.350529,26.500350952148438
2023-06-30 18:00:00,22.46053,26.097232818603516
2023-06-30 19:00:00,22.57053,25.418731689453125
2023-06-30 20:00:00,22.31053,24.546634674072266
2023-06-30 21:00:00,21.55053,23.6146240234375
2023-06-30 22:00:00,19.920528,22.74387550354004
2023-06-30 23:00:00,18.770529,21.975738525390625
